drop schema if exists library;
create schema library;
use library;


create table book(id_book varchar(10),title varchar(500),primary key(id_book));
create table authors(author_id int,name varchar(50),primary key(author_id));
create table book_authors(author_id int,id_book varchar(10),title varchar(600),primary key(author_id,id_book),foreign key(author_id) references authors(author_id),foreign key(id_book) references book(id_book));
create table borrower(Card_ID int,Ssn varchar(14),Bname varchar(50),Address varchar(100),Phone varchar(15),primary key(Card_ID), unique(Ssn));
create table book_loans(loan_id int,id_book varchar(10),card_id int,date_out date,due_date date,date_in date,primary key(loan_id),foreign key(id_book) references book(id_book),foreign key(card_id) references borrower(card_id));
create table fines(loan_id int,fine decimal(10,2),paid boolean,primary key(loan_id),foreign key(loan_id) references book_loans(loan_id));
                                                                                                                               
insert into book(`id_book`,`title`)values('1','Classical Mythology');
insert into book(`id_book`,`title`) values('2','Clara Callan: A Novel');
insert into book(`id_book`,`title`) values('3','Decision In Normandy');
insert into book(`id_book`,`title`) values('4','Flu: The Story Of The Great Influenza Pandemic ');
insert into book(`id_book`,`title`) values('5','The Mummies Of Urumchi');
insert into book(`id_book`,`title`) values('6','The peaky blinders');
insert into book (`id_book`,`title`)values('7','Lieux Dits');
insert into book (`id_book`,`title`)values('8','Pleading Guilty');
insert into book(`id_book`,`title`) values('9','Under The Black Flag');
insert into book(`id_book`,`title`) values('10','Where You''ll Find Me: And Other Stories');
insert into book(`id_book`,`title`) values('11','Nights Below Station Street');
insert into book(`id_book`,`title`) values('12','Lonesome Dove');
insert into book(`id_book`,`title`) values('13','The Middle Stories');
insert into book(`id_book`,`title`) values('14','Jane Doe');
insert into book(`id_book`,`title`) values('15','A Second Chicken Soup For The Woman''s Soul');
insert into book(`id_book`,`title`) values('16','The Witchfinder (Amos Walker Series)');
insert into book(`id_book`,`title`) values('17','More Cunning Than Man: A Social History Of Rats And Man');
insert into book(`id_book`,`title`) values('18','Goodbye To The Buttermilk Sky');
insert into book(`id_book`,`title`) values('19','The Testament');
insert into book (`id_book`,`title`)values('20','Beloved (Plume Contemporary Fiction)');
insert into book(`id_book`,`title`) values('21','Our Dumb Century');
insert into book(`id_book`,`title`) values('22','New Vegetarian');
insert into book(`id_book`,`title`) values('23','The Street Lawyer');
insert into book(`id_book`,`title`) values('24','Ashley Switching Goals');
insert into book(`id_book`,`title`) values('25','Tell Me This Isn''t Happening');
insert into book(`id_book`,`title`) values('26','Flood : Mississippi 1927');
insert into book(`id_book`,`title`) values('27','Wild Animus: A Novel');
insert into book(`id_book`,`title`) values('28','Out Of The Silent Planet');
insert into book(`id_book`,`title`) values('29','Prague: A Novel');
insert into book(`id_book`,`title`) values('30','Chocolate Jesus');
insert into book(`id_book`,`title`) values('31','Wie Barney Es Sieht. Roman');
insert into book(`id_book`,`title`) values('32','Der Fluch Der Kaiserin');
insert into book(`id_book`,`title`) values('33','Die Sturmzeit-Trilogie');
insert into book (`id_book`,`title`)values('34','Tage Der Unschuld');
insert into book (`id_book`,`title`)values('35','Lying Awake');
insert into book(`id_book`,`title`) values('36','To Kill A Mockingbird');
insert into book(`id_book`,`title`) values('37','Seabiscuit: An American Legend');
insert into book(`id_book`,`title`) values('38','Pigs In Heaven');
insert into book(`id_book`,`title`) values('39','Miss Zukas And The Raven');
insert into book(`id_book`,`title`) values('40','Pride And Prejudice');
insert into book(`id_book`,`title`) values('41','The Therapeutic Touch');
insert into book(`id_book`,`title`) values('42','Downtown');
insert into book(`id_book`,`title`) values('43','Icebound');
insert into book(`id_book`,`title`) values('44','I''ll Be Seeing You');
insert into book(`id_book`,`title`) values('45','From The Corner Of His Eye');
insert into book(`id_book`,`title`) values('46','Isle Of Dogs');
insert into book(`id_book`,`title`) values('47','Purity In Death');
insert into book(`id_book`,`title`) values('48','This Year It Will Be Different And Other Stories');
insert into book(`id_book`,`title`) values('49','Proxies');
insert into book(`id_book`,`title`) values('50','Left Behind: A Novel Of The Earth');
                                                                                                                               
insert into authors(`author_id`,`name`) values(1,'Waris Dirie');
insert into authors(`author_id`,`name`) values(2,'Suzanne Somers');
insert into authors(`author_id`,`name`) values(3,'Jean M. Fredette');
insert into authors(`author_id`,`name`) values(4,'Rowena Morrill');
insert into authors(`author_id`,`name`) values(5,'Paul Burrell');
insert into authors(`author_id`,`name`) values(6,'Yvonne Lehman');
insert into authors(`author_id`,`name`) values(7,'Hella S. Haasse HAASSE');
insert into authors(`author_id`,`name`) values(8,'Martha Saxton');
insert into authors(`author_id`,`name`) values(9,'Michael Michalko');
insert into authors(`author_id`,`name`) values(10,'Jonathan Lethem');
insert into authors(`author_id`,`name`) values(11,'Jessica Barksdale Inclan');
insert into authors(`author_id`,`name`) values(12,'Sean Stewart');
insert into authors(`author_id`,`name`) values(13,'William L. Deandrea');
insert into authors(`author_id`,`name`) values(14,'Andrew J. Robinson');
insert into authors(`author_id`,`name`) values(15,'Richard Kauffmann');
insert into authors(`author_id`,`name`) values(16,'Ernie Colon');
insert into authors(`author_id`,`name`) values(17,'Arthur Roth');
insert into authors(`author_id`,`name`) values(18,'Lise Chapuis');
insert into authors(`author_id`,`name`) values(19,'Hal Lindsey');
insert into authors(`author_id`,`name`) values(20,'Edward E. Kramer &amp; Peter Crowther');
insert into authors(`author_id`,`name`) values(21,'Eileen Dreyer');
insert into authors(`author_id`,`name`) values(22,'Daniella Gioseffi');
insert into authors(`author_id`,`name`) values(23,'G. K. Chesterton');
insert into authors(`author_id`,`name`) values(24,'Rick DeMarinis');
insert into authors(`author_id`,`name`) values(25,'Don Wismer');
insert into authors(`author_id`,`name`) values(26,'Neil D. Isaacs');
insert into authors(`author_id`,`name`) values(27,'Ernest Shackleton');
insert into authors(`author_id`,`name`) values(28,'Marc Gascoigne');
insert into authors(`author_id`,`name`) values(29,'Jean Amery');
insert into authors(`author_id`,`name`) values(30,'Paul Joffe');
insert into authors(`author_id`,`name`) values(31,'Marianne Larned');
insert into authors(`author_id`,`name`) values(32,'Alexs Pate');
insert into authors(`author_id`,`name`) values(33,'Nicole Luiken');
insert into authors(`author_id`,`name`) values(34,'Nicholas Van Pelt');
insert into authors(`author_id`,`name`) values(35,'Melissa Getzoff');
insert into authors(`author_id`,`name`) values(36,'Michelle Berriedale-Johnson');
insert into authors(`author_id`,`name`) values(37,'Jennifer Moses');
insert into authors(`author_id`,`name`) values(38,'W.S. Merwin');
insert into authors(`author_id`,`name`) values(39,'Robert T. Trotter II');
insert into authors(`author_id`,`name`) values(40,'Charles Kingsley');
insert into authors(`author_id`,`name`) values(41,'Greg Rucka');
insert into authors(`author_id`,`name`) values(42,' M.D. Epstein');
insert into authors(`author_id`,`name`) values(43,'Jeanne Willis');
insert into authors(`author_id`,`name`) values(44,'Dalai Lama');
insert into authors(`author_id`,`name`) values(45,'Andy Mangels');
insert into authors(`author_id`,`name`) values(46,'John Bolton');
insert into authors(`author_id`,`name`) values(47,'Alan Trustman');
insert into authors(`author_id`,`name`) values(48,'Jennifer Donnelly');
insert into authors(`author_id`,`name`) values(49,'Huston Curtiss');
insert into authors(`author_id`,`name`) values(50,'Ken Smith');
                                                                                                                               
                                                                    
INSERT INTO book_authors(`author_id`,`id_book`,`title`) VALUES(1,'1','Classical Mythology by Waris Dirie');
INSERT INTO book_authors(`author_id`,`id_book`,`title`) VALUES(2,'2','Clara Callan: A Novel by Suzanne Somers');
INSERT INTO book_authors(`author_id`,`id_book`,`title`) VALUES(3,'3','Decision In Normandy by Jean M. Fredette');
INSERT INTO book_authors(`author_id`,`id_book`,`title`) VALUES(4,'4','Flu: The Story Of The Great Influenza Pandemic  by Rowena Morrill');
INSERT INTO book_authors(`author_id`,`id_book`,`title`) VALUES(5,'5','The Mummies Of Urumchi by Paul Burrell');
INSERT INTO book_authors(`author_id`,`id_book`,`title`) VALUES(6,'6','The peaky blinders by Yvonne Lehman');
INSERT INTO book_authors(`author_id`,`id_book`,`title`) VALUES(7,'7','Lieux Dits by Hella S. Haasse HAASSE');
INSERT INTO book_authors(`author_id`,`id_book`,`title`) VALUES(8,'8','Pleading Guilty by Martha Saxton');
INSERT INTO book_authors(`author_id`,`id_book`,`title`) VALUES(9,'9','Under The Black Flag by Michael Michalko');
INSERT INTO book_authors(`author_id`,`id_book`,`title`) VALUES(10,'10','Where You''ll Find Me: And Other Stories by Jonathan Lethem');
INSERT INTO book_authors(`author_id`,`id_book`,`title`) VALUES(11,'11','Nights Below Station Street by Jessica Barksdale Inclan');
INSERT INTO book_authors(`author_id`,`id_book`,`title`) VALUES(12,'12','Lonesome Dove by Sean Stewart');
INSERT INTO book_authors(`author_id`,`id_book`,`title`) VALUES(13,'13','The Middle Stories by William L. Deandrea');
INSERT INTO book_authors(`author_id`,`id_book`,`title`) VALUES(14,'14','Jane Doe by Andrew J. Robinson');
INSERT INTO book_authors(`author_id`,`id_book`,`title`) VALUES(15,'15','A Second Chicken Soup For The Woman''s Soul by Richard Kauffmann');
INSERT INTO book_authors(`author_id`,`id_book`,`title`) VALUES(16,'16','The Witchfinder (Amos Walker Series) by Ernie Colon');
INSERT INTO book_authors(`author_id`,`id_book`,`title`) VALUES(17,'17','More Cunning Than Man: A Social History Of Rats And Man by Arthur Roth');
INSERT INTO book_authors(`author_id`,`id_book`,`title`) VALUES(18,'18','Goodbye To The Buttermilk Sky by Lise Chapuis');
INSERT INTO book_authors(`author_id`,`id_book`,`title`) VALUES(19,'19','The Testament by Edward E. Kramer &amp; Peter Crowther');
INSERT INTO book_authors(`author_id`,`id_book`,`title`) VALUES(20,'20','Beloved (Plume Contemporary Fiction) by Eileen Dreyer');
INSERT INTO book_authors(`author_id`,`id_book`,`title`) VALUES(21,'21','Our Dumb Century by Daniella Gioseffi');
INSERT INTO book_authors(`author_id`,`id_book`,`title`) VALUES(22,'22','New Vegetarian by G. K. Chesterton');
INSERT INTO book_authors(`author_id`,`id_book`,`title`) VALUES(23,'23','The Street Lawyer by Rick DeMarinis');
INSERT INTO book_authors(`author_id`,`id_book`,`title`) VALUES(24,'24','Ashley Switching Goals by Don Wismer');
INSERT INTO book_authors(`author_id`,`id_book`,`title`) VALUES(25,'25','Tell Me This Isn''t Happening by Neil D. Isaacs');
INSERT INTO book_authors(`author_id`,`id_book`,`title`) VALUES(26,'26','Flood : Mississippi 1927 by Ernest Shackleton');
INSERT INTO book_authors(`author_id`,`id_book`,`title`) VALUES(27,'26','Wild Animus: A Novel by Marc Gascoigne');
INSERT INTO book_authors(`author_id`,`id_book`,`title`) VALUES(28,'28','Out Of The Silent Planet by Jean Amery');
INSERT INTO book_authors(`author_id`,`id_book`,`title`) VALUES(29,'29','Prague: A Novel by Paul Joffe');
INSERT INTO book_authors(`author_id`,`id_book`,`title`) VALUES(30,'30','Chocolate Jesus by Marianne Larned');
INSERT INTO book_authors(`author_id`,`id_book`,`title`) VALUES(31,'31','Wie Barney Es Sieht. Roman by Suzanne Somers');
INSERT INTO book_authors(`author_id`,`id_book`,`title`) VALUES(32,'32','Der Fluch Der Kaiserin by Alexs Pate');
INSERT INTO book_authors(`author_id`,`id_book`,`title`) VALUES(33,'33','Die Sturmzeit-Trilogie by Nicole Luiken');
INSERT INTO book_authors(`author_id`,`id_book`,`title`) VALUES(34,'34','Tage Der Unschuld by Nicholas Van Pelt');
INSERT INTO book_authors(`author_id`,`id_book`,`title`) VALUES(35,'35','Lying Awake by Melissa Getzoff');
INSERT INTO book_authors(`author_id`,`id_book`,`title`) VALUES(36,'36','To Kill A Mockingbird by Michelle Berriedale-Johnson');
INSERT INTO book_authors(`author_id`,`id_book`,`title`) VALUES(37,'37','Seabiscuit: An American Legend by Jennifer Moses');
INSERT INTO book_authors(`author_id`,`id_book`,`title`) VALUES(38,'38','Pigs In Heaven by W.S. Merwin');
INSERT INTO book_authors(`author_id`,`id_book`,`title`) VALUES(39,'39','Miss Zukas And The Raven by Robert T. Trotter II');
INSERT INTO book_authors(`author_id`,`id_book`,`title`) VALUES(40,'40','Pride And Prejudice by Charles Kingsley');
INSERT INTO book_authors(`author_id`,`id_book`,`title`) VALUES(41,'41','The Therapeutic Touch by Greg Rucka');
INSERT INTO book_authors(`author_id`,`id_book`,`title`) VALUES(42,'42','Downtown by  M.D. Epstein ');
INSERT INTO book_authors(`author_id`,`id_book`,`title`) VALUES(43,'43','Icebound by Jeanne Willis');
INSERT INTO book_authors(`author_id`,`id_book`,`title`) VALUES(44,'44','I''ll Be Seeing You by Dalai Lama ');
INSERT INTO book_authors(`author_id`,`id_book`,`title`) VALUES(45,'45','From The Corner Of His Eye by Andy Mangels ');
INSERT INTO book_authors(`author_id`,`id_book`,`title`) VALUES(46,'46','Isle Of Dogs by John Bolton');
INSERT INTO book_authors(`author_id`,`id_book`,`title`) VALUES(47,'47','Purity In Death by Alan Trustman');
INSERT INTO book_authors(`author_id`,`id_book`,`title`) VALUES(48,'48','This Year It Will Be Different And Other Stories by Jennifer Donnelly');
INSERT INTO book_authors(`author_id`,`id_book`,`title`) VALUES(49,'49','Proxies by Huston Curtiss');
INSERT INTO book_authors(`author_id`,`id_book`,`title`) VALUES(50,'50','Left Behind: A Novel Of The Earth by Ken Smith');

       
insert into borrower values(000001,'850-47-3740-12345','Mark Morgan','5677 Coolidge Street,Plano,TX', '(+20) 1039021662');
insert into borrower values(000002,'256-95-4382-73981','Eric Warren','9062 Schurz Drive,Dallas,TX', '(+20) 1009421662');
insert into borrower values(000003,'256-51-5268-83729','Robert Harper','7786 Sachs Place,Plano,TX', '(+20) 1009521662');
insert into borrower values(000004,'976-95-2914-73981','Donna Franklin','3 Magdeline Terrace,Plano,TX', '(+20) 1109021662');
insert into borrower values(000005,'906-63-3588-83729','Linda King','41260 Kedzie Terrace,Dallas,TX', '(+20) 1019021662');
insert into borrower values(000006,'206-26-7141-83729','Judy Holmes','6583 Manitowish Hill,Dallas,TX', '(+20) 1109021662');
insert into borrower values(000007,'898-61-3567-73981','Deborah Lawrence','2 Hermina Trail,Dallas,TX', '(+20) 1109021662');
insert into borrower values(000008,'644-25-0492-83729','Adam Johnston','05671 Norway Maple Court,Dallas,TX', '(+20) 1009021662');
insert into borrower values(000009,'678-12-4697-83729','Pamela Carr','1848 Fordem Avenue,Richardson,TX', '(+20) 1009021662');
insert into borrower values(000010,'562-33-7951-73981','Daniel Fisher','400 Cody Lane,Plano,TX', '(+20) 1009021462');
insert into borrower values(000011,'441-90-7753-83792','Stephen Fields','99 Fair Oaks Drive,Plano,TX', '(+20) 1109021662');
insert into borrower values(000012,'305-53-3736-73981','Walter Ferguson','814 Sutteridge Point,Dallas,TX', '(+20) 1009021662');
insert into borrower values(000013,'634-61-6311-36792','Paul Cook','58295 Pierstorff Pass,Richardson,TX', '(+20) 1009021662');
insert into borrower values(000014,'661-24-6360-73981','Roy Smith','563 Fairview Park,Dallas,TX', '(+20) 1009024662');
insert into borrower values(000015,'350-83-8412-23840','Michelle Gardner','28309 Paget Court,Plano,TX', '(+20) 1009021662');
insert into borrower values(000016,'439-75-5475-28048','George Powell','31 Clove Crossing,Dallas,TX', '(+20) 1049021662');
insert into borrower values(000017,'431-61-5822-73981','Nicholas Hudson','29 Esker Trail,Dallas,TX', '(+20) 1006021662');
insert into borrower values(000018,'879-82-7179-39292','Linda Henderson','117 Katie Center,Dallas,TX', '(+20) 1109021662');
insert into borrower values(000019,'484-96-1826-83792','Gregory Fowler','42454 Hermina Plaza,Dallas,TX', '(+20) 1009021662');
insert into borrower values(000020,'562-52-7080-39292','Carol Sanders','99600 Moland Way,Dallas,TX', '(+20) 1576021662');
insert into borrower values(000021,'876-61-5170-23840','Mark Hamilton','76425 Dixon Hill,Dallas,TX', '(+20) 1574021662');
insert into borrower values(000022,'139-71-1123-83792','Anthony Brown','8691 Walton Terrace,Dallas,TX', '(+20) 1577021662');
insert into borrower values(000023,'239-16-6210-73981','James Rivera','4 Golden Leaf Trail,Dallas,TX', '(+20) 1577021662');
insert into borrower values(000024,'283-06-7717-28048','Tammy Cole','22 Atwood Parkway,Dallas,TX', '(+20) 1577031662');
insert into borrower values(000025,'371-60-9878-39292','Donald Bowman','196 Golf View Terrace,Dallas,TX', '(+20) 1577021662');
insert into borrower values(000026,'438-78-7652-28048','Susan Gomez','601 Warbler Point,Richardson,TX', '(+20) 1577021662');
insert into borrower values(000027,'893-37-1519-76392','Juan Martin','846 Johnson Circle,Dallas,TX', '(+20) 1577025662');
insert into borrower values(000028,'434-92-5388-39292','Samuel Bailey','1367 Northport Drive,Dallas,TX', '(+20) 1577021662');
insert into borrower values(000029,'444-50-9807-98322','Paul White','24775 Melvin Place,Dallas,TX', '(+20) 1577021862');
insert into borrower values(000030,'557-41-0386-83729','Gregory Clark','259 Porter Avenue,Dallas,TX', '(+20) 1577081662');
insert into borrower values(000031,'123-99-1439-28048','Steven Wood','852 Darwin Alley,Dallas,TX', '(+20) 1577021682');
insert into borrower values(000032,'507-26-2481-39292','Jessica Fuller','975 Carpenter Parkway,Dallas,TX', '(+20) 1577021662');
insert into borrower values(000033,'258-33-5117-39292','Donna Greene','86 Delladonna Lane,Dallas,TX', '(+20) 1577081662');
insert into borrower values(000034,'876-94-4518-83729','Edward Ford','34 Fulton Circle,Dallas,TX', '(+20) 1577021682');
insert into borrower values(000035,'153-20-8011-28048','Steve Torres','781 Loeprich Alley,Dallas,TX', '(+20) 1577081662');
insert into borrower values(000036,'881-79-3670-28048','Alice Rivera','79 Dayton Center,Dallas,TX', '(+20) 1577021862');
insert into borrower values(000037,'878-61-5560-39292','Jessica Freeman','27997 Loftsgordon Lane,Dallas,TX', '(+20) 1577021662');
insert into borrower values(000038,'728-84-4113-34362','Kenneth Harrison','25074 Holmberg Park,Richardson,TX', '(+20) 157021662');
insert into borrower values(000039,'792-17-4540-73981','Betty Austin','4 Schmedeman Terrace,Dallas,TX', '(+20) 1577021662');
insert into borrower values(000040,'433-05-3698343623','Irene Gonzalez','820 Oxford Crossing,Dallas,TX', '(+20) 1577021662');
insert into borrower values(000041,'132-21-3747-39292','Charles Foster','850 Summerview Crossing,Dallas,TX', '(+20) 1577021662');
insert into borrower values(000042,'457-93-9804-83792','Gregory Perez','57 Bluejay Pass,Dallas,TX', '(+20) 1577021662');
insert into borrower values(000043,'906-16-1095-28048','Jose Stone','93 Waywood Parkway,Dallas,TX', '(+20) 1577021662');
insert into borrower values(000044,'882-36-6316-39254','Patrick Moore','78 Crest Line Road,Dallas,TX', '(+20) 1577021662');
insert into borrower values(000045,'728-96-3473-83792','Louis Lynch','12197 Kinsman Center,Dallas,TX', '(+20) 1577021662');
insert into borrower values(000046,'377-44-1238-39293','Matthew Snyder','169 Mayfield Park,Richardson,TX', '(+20) 1577021662');
insert into borrower values(000047,'582-62-7069-39295','Sara Wagner','24827 Twin Pines Junction,Richardson,TX', '(+20) 1577021662');
insert into borrower values(000048,'577-82-2947-28048','Louise Long','6 Haas Center,Dallas,TX', '(+20) 1577021662');
insert into borrower values(000049,'216-53-6968-39292','Judy Hamilton','65364 Mosinee Center,Dallas,TX', '(+20) 1577021662');
insert into borrower values(000050,'202-40-3427-83792','Evelyn Young','4788 South Street,Dallas,TX', '(+20) 1577021662');                                                                                                                               
                                                                                                                               
                                                                                                                               
insert into book_loans(`loan_id`,`id_book`,`card_id`,`date_out`,`due_date`,`date_in`) VALUES(1,'1',1,"2020-03-06","2020-03-30","2020-03-25");
insert into book_loans(`loan_id`,`id_book`,`card_id`,`date_out`,`due_date`,`date_in`) VALUES(2,'2',2,"2020-02-04","2020-02-30","2020-02-25");
insert into book_loans(`loan_id`,`id_book`,`card_id`,`date_out`,`due_date`,`date_in`) VALUES(3,'3',3,"2020-09-01","2020-09-30","2020-09-25");
insert into book_loans(`loan_id`,`id_book`,`card_id`,`date_out`,`due_date`,`date_in`) VALUES(4,'4',4,"2020-11-01","2020-11-30","2020-11-25");
insert into book_loans(`loan_id`,`id_book`,`card_id`,`date_out`,`due_date`,`date_in`) VALUES(5,'5',5,"2020-10-01","2020-10-30","2020-10-25");
insert into book_loans(`loan_id`,`id_book`,`card_id`,`date_out`,`due_date`,`date_in`) VALUES(6,'6',6,"2020-12-01","2020-12-30","2020-12-25");
insert into book_loans(`loan_id`,`id_book`,`card_id`,`date_out`,`due_date`,`date_in`) VALUES(7,'6',6,"2020-12-01","2020-12-30","2020-12-25");
insert into book_loans(`loan_id`,`id_book`,`card_id`,`date_out`,`due_date`,`date_in`) VALUES(8,'5',5,"2020-02-01","2020-02-30","2020-02-25");
insert into book_loans(`loan_id`,`id_book`,`card_id`,`date_out`,`due_date`,`date_in`) VALUES(9,'1',1,"2020-06-01","2020-06-30","2020-06-25");
insert into book_loans(`loan_id`,`id_book`,`card_id`,`date_out`,`due_date`,`date_in`) VALUES(10,'2',2,"2020-06-01","2020-06-30","2020-06-25");
insert into book_loans(`loan_id`,`id_book`,`card_id`,`date_out`,`due_date`,`date_in`) VALUES(11,'8',8,"2020-06-01","2020-06-30","2020-06-25");
insert into book_loans(`loan_id`,`id_book`,`card_id`,`date_out`,`due_date`,`date_in`) VALUES(12,'4',4,"2020-07-01","2020-07-30","2020-07-25");
insert into book_loans(`loan_id`,`id_book`,`card_id`,`date_out`,`due_date`,`date_in`) VALUES(13,'7',7,"2020-04-01","2020-04-30","2020-04-25");
insert into book_loans(`loan_id`,`id_book`,`card_id`,`date_out`,`due_date`,`date_in`) VALUES(14,'9',9,"2020-04-01","2020-04-30","2020-04-25");
insert into book_loans(`loan_id`,`id_book`,`card_id`,`date_out`,`due_date`,`date_in`) VALUES(15,'10',10,"2020-05-01","2020-05-30","2020-05-25");
insert into book_loans(`loan_id`,`id_book`,`card_id`,`date_out`,`due_date`,`date_in`) VALUES(16,'11',11,"2020-09-01","2020-09-30","2020-09-25");
insert into book_loans(`loan_id`,`id_book`,`card_id`,`date_out`,`due_date`,`date_in`) VALUES(17,'12',12,"2020-02-01","2020-02-30","2020-02-25");
insert into book_loans(`loan_id`,`id_book`,`card_id`,`date_out`,`due_date`,`date_in`) VALUES(18,'13',13,"2020-02-01","2020-02-30","2020-02-25");
insert into book_loans(`loan_id`,`id_book`,`card_id`,`date_out`,`due_date`,`date_in`) VALUES(19,'14',14,"2020-03-01","2020-03-30","2020-03-25");
insert into book_loans(`loan_id`,`id_book`,`card_id`,`date_out`,`due_date`,`date_in`) VALUES(20,'15',15,"2020-04-01","2020-04-30","2020-04-25");
insert into book_loans(`loan_id`,`id_book`,`card_id`,`date_out`,`due_date`,`date_in`) VALUES(21,'16',16,"2020-09-01","2020-09-30","2020-09-25");
insert into book_loans(`loan_id`,`id_book`,`card_id`,`date_out`,`due_date`,`date_in`) VALUES(22,'17',17,"2020-09-01","2020-09-30","2020-09-25");
insert into book_loans(`loan_id`,`id_book`,`card_id`,`date_out`,`due_date`,`date_in`) VALUES(23,'18',18,"2020-11-01","2020-11-30","2020-11-25");
insert into book_loans(`loan_id`,`id_book`,`card_id`,`date_out`,`due_date`,`date_in`) VALUES(24,'19',19,"2020-11-01","2020-11-30","2020-11-25");
insert into book_loans(`loan_id`,`id_book`,`card_id`,`date_out`,`due_date`,`date_in`) VALUES(25,'20',20,"2020-12-01","2020-12-30","2020-12-25");
insert into book_loans(`loan_id`,`id_book`,`card_id`,`date_out`,`due_date`,`date_in`) VALUES(26,'30',30,"2020-08-01","2020-08-30","2020-08-25");
insert into book_loans(`loan_id`,`id_book`,`card_id`,`date_out`,`due_date`,`date_in`) VALUES(27,'21',21,"2020-07-01","2020-07-30","2020-07-25");
insert into book_loans(`loan_id`,`id_book`,`card_id`,`date_out`,`due_date`,`date_in`) VALUES(28,'22',22,"2020-07-01","2020-07-30","2020-07-25");
insert into book_loans(`loan_id`,`id_book`,`card_id`,`date_out`,`due_date`,`date_in`) VALUES(29,'23',23,"2020-07-01","2020-07-30","2020-07-25");
insert into book_loans(`loan_id`,`id_book`,`card_id`,`date_out`,`due_date`,`date_in`) VALUES(30,'33',33,"2020-07-01","2020-07-30","2020-07-25");
insert into book_loans(`loan_id`,`id_book`,`card_id`,`date_out`,`due_date`,`date_in`) VALUES(31,'33',33,"2020-04-01","2020-04-30","2020-04-25");
insert into book_loans(`loan_id`,`id_book`,`card_id`,`date_out`,`due_date`,`date_in`) VALUES(32,'25',25,"2020-04-01","2020-04-30","2020-04-25");
insert into book_loans(`loan_id`,`id_book`,`card_id`,`date_out`,`due_date`,`date_in`) VALUES(33,'26',26,"2020-03-01","2020-03-30","2020-03-25");
insert into book_loans(`loan_id`,`id_book`,`card_id`,`date_out`,`due_date`,`date_in`) VALUES(34,'27',27,"2020-06-01","2020-06-30","2020-06-25");
insert into book_loans(`loan_id`,`id_book`,`card_id`,`date_out`,`due_date`,`date_in`) VALUES(35,'28',28,"2020-04-01","2020-04-30","2020-04-25");
insert into book_loans(`loan_id`,`id_book`,`card_id`,`date_out`,`due_date`,`date_in`) VALUES(36,'29',29,"2020-05-01","2020-05-30","2020-05-25");
insert into book_loans(`loan_id`,`id_book`,`card_id`,`date_out`,`due_date`,`date_in`) VALUES(37,'34',34,"2020-04-01","2020-04-30","2020-04-25");
insert into book_loans(`loan_id`,`id_book`,`card_id`,`date_out`,`due_date`,`date_in`) VALUES(38,'35',35,"2020-03-01","2020-03-30","2020-03-25");
insert into book_loans(`loan_id`,`id_book`,`card_id`,`date_out`,`due_date`,`date_in`) VALUES(39,'36',36,"2020-02-01","2020-02-30","2020-02-25");
insert into book_loans(`loan_id`,`id_book`,`card_id`,`date_out`,`due_date`,`date_in`) VALUES(40,'37',37,"2020-02-01","2020-02-30","2020-02-25");

INSERT INTO fines(loan_id,fine,paid)VALUES(1,100,false);
INSERT INTO fines(loan_id,fine,paid)VALUES(2,50,true);
INSERT INTO fines(loan_id,fine,paid)VALUES(3,10,false);
INSERT INTO fines(loan_id,fine,paid)VALUES(4,190,true);
INSERT INTO fines(loan_id,fine,paid)VALUES(5,120,false);
INSERT INTO fines(loan_id,fine,paid)VALUES(6,110,true);
INSERT INTO fines(loan_id,fine,paid)VALUES(7,100,false);
INSERT INTO fines(loan_id,fine,paid)VALUES(8,150,true);
INSERT INTO fines(loan_id,fine,paid)VALUES(9,100,false);
INSERT INTO fines(loan_id,fine,paid)VALUES(10,170,true);
INSERT INTO fines(loan_id,fine,paid)VALUES(11,120,false);
INSERT INTO fines(loan_id,fine,paid)VALUES(12,110,true);
INSERT INTO fines(loan_id,fine,paid)VALUES(13,20,false);
INSERT INTO fines(loan_id,fine,paid)VALUES(14,10,true);
INSERT INTO fines(loan_id,fine,paid)VALUES(15,10,false);
INSERT INTO fines(loan_id,fine,paid)VALUES(16,120,true);
INSERT INTO fines(loan_id,fine,paid)VALUES(17,150,false);
INSERT INTO fines(loan_id,fine,paid)VALUES(18,140,true);
INSERT INTO fines(loan_id,fine,paid)VALUES(19,200,false);
INSERT INTO fines(loan_id,fine,paid)VALUES(20,100,true);
INSERT INTO fines(loan_id,fine,paid)VALUES(21,50,false);
INSERT INTO fines(loan_id,fine,paid)VALUES(22,300,true);
INSERT INTO fines(loan_id,fine,paid)VALUES(23,50,false);
INSERT INTO fines(loan_id,fine,paid)VALUES(24,40,true);
                                                                                                                               
